account_display_name,value,category,fan_range
อีจัน,8741649,Media/News Company,More than 1M
กับข้าวกับปลาโอ Plaocooking,7048969,Food and Drink,More than 1M
Lowcostcosplay,5477380,Entertainment,More than 1M
สมาคมกวนTeen,5432420,Writer and Quote,More than 1M
หมีมีหม้อ,5290597,Food and Drink,More than 1M
SALE HERE,5232653,Sales and review,More than 1M
Starvingtime เรื่องกินเรื่องใหญ่,4439475,Food and Drink,More than 1M
ปันโปร - Punpromotion,4355588,Sales and review,More than 1M
มนุษย์เงินเดือน คิดมาก,4125761,Writer and Quote,More than 1M
กระดานดำ,3949618,Writer and Quote,More than 1M
wongnai.com,3940136,Food and Drink,More than 1M
Unseen Tour Thailand,3924075,Travel,More than 1M
ผู้หญิง Beauty Community,3921568,Health and Well-being,More than 1M
หมูหิว,3881729,Food and Drink,More than 1M
ชีวิตติดรีวิว,3811846,Food and Drink,More than 1M
ผู้หญิง,3635880,Writer and Quote,More than 1M
คลิปฮาน้ำตาเล็ด,3592586,Entertainment,More than 1M
TripTH ทริปไทยแลนด์,3563270,Travel,More than 1M
ผู้หญิง Salaryman Thailand,3441640,Writer and Quote,More than 1M
ดูดวงความรัก,3344972,Writer and Quote,More than 1M
อีเจี๊ยบ เลียบด่วน,3138397,Media/News Company,More than 1M
SpokeDark TV,3125771,Media/News Company,More than 1M
สัตว์โลกอมตีน,3124308,Writer and Quote,More than 1M
สอดอStyle,3081316,Blogger/Influencer,More than 1M
Kingdom Of Tigers: ทูนหัวของบ่าว,3045736,Pet,More than 1M
กินข้าวกัน,3026804,Food and Drink,More than 1M
Dek-D.COM - เด็กดีดอทคอม,2960086,Media/News Company,More than 1M
EventPass,2932801,Sales and review,More than 1M
Wongnai Cooking,2921897,Food and Drink,More than 1M
ใต้เตียงดารา,2900050,Media/News Company,More than 1M
VRZO,2899210,Entertainment,More than 1M
Little Monster,2871621,Blogger/Influencer,More than 1M
Sean Buranahiran - ฌอน บูรณะหิรัญ,2832348,Blogger/Influencer,More than 1M
คนตัวดำ,2827116,Writer and Quote,More than 1M
Chillpainai,2821498,Travel,More than 1M
Sneak out หนีเที่ยว,2724962,Travel,More than 1M
พาทำ พาทาน,2701531,Food and Drink,More than 1M
เบื่อผัว,2697636,Writer and Quote,More than 1M
Zom Marie,2660400,Blogger/Influencer,More than 1M
เมีย,2650703,Writer and Quote,More than 1M
คิ้วต่ำ,2619905,Writer and Quote,More than 1M
หนูนาสวีเดน แฟนเฟจ,2618407,Blogger/Influencer,More than 1M
ตามติดชีวิตออฟฟิศ,2601665,Writer and Quote,More than 1M
หราาา,2569428,Food and Drink,More than 1M
Drama-addict,2531516,Media/News Company,More than 1M
KUTE CLUB,2528161,Sales and review,More than 1M
หมอแล็บแพนด้า,2522979,Media/News Company,More than 1M
Promotion2u,2515166,Sales and review,More than 1M
EasyCooking,2466066,Food and Drink,More than 1M
โดนใจ Like เลย,2459638,Sales and review,More than 1M
I Roam Alone,2437261,Blogger/Influencer,More than 1M
Bie The Ska,2374075,Blogger/Influencer,More than 1M
ด.ช.หน้าหมา,2364974,Writer and Quote,More than 1M
ห้องปกครองแอร์เย็นมว๊าก,2336695,Writer and Quote,More than 1M
Tagple,2316015,Entertainment,More than 1M
มนุษย์แฟน,2306786,Writer and Quote,More than 1M
เบื่อเมีย,2250230,Writer and Quote,More than 1M
Mai Yom Auon ไม่ยอมอ้วน,2240465,Health and Well-being,More than 1M
คาราโอเกะชั้นใต้ดิน,2229496,Writer and Quote,More than 1M
เสือร้องไห้,2157272,Blogger/Influencer,More than 1M
Kaykai Salaider Channel,2143015,Blogger/Influencer,More than 1M
สิ่งเล็กๆที่เรียกว่ารัก,2125927,Writer and Quote,More than 1M
คนอะไรเป็นแฟนหมี,2114902,Writer and Quote,More than 1M
EDTguide.com,2049346,Food and Drink,More than 1M
มูมมาม,2026186,Food and Drink,More than 1M
ขอแชร์นะ,2010762,Sales and review,More than 1M
นี่หรือการ์ตูน,1997934,Writer and Quote,More than 1M
Sundae Kids,1984485,Writer and Quote,More than 1M
วัยรุ่นสร้างตัว,1981194,Writer and Quote,More than 1M
ศุภชัย เสมอมิตร โหน่งโชว์,1981136,Food and Drink,More than 1M
คิดในใจ,1974158,Writer and Quote,More than 1M
อาจารย์อดัม,1960679,Education,More than 1M
เฟ็ดเฟ่ บอยแบนด์ FEDFE,1958226,Blogger/Influencer,More than 1M
สุดสัปดาห์แฟนคลับ,1864344,Media/News Company,More than 1M
เรียนเหอะ อยากสอน,1847361,Education,More than 1M
กูจะฮาก็ตรงคอมเม้นต์นี่แหละ,1843529,Entertainment,More than 1M
OHANA,1842815,Blogger/Influencer,More than 1M
แบกกล้องเที่ยว,1822552,Travel,More than 1M
เด่วรู้กัน,1803747,Media/News Company,More than 1M
ท่องเที่ยวสะดุดตา Sadoodta,1800879,Travel,More than 1M
Benz Apache - เบ๊น อาปาเช่,1800450,Blogger/Influencer,More than 1M
นักเลงโรงหนัง,1775596,Movie and TV shows,More than 1M
อ้วน,1768008,Food and Drink,More than 1M
ทำเองอร่อยจัง,1766324,Food and Drink,More than 1M
Wongnai Beauty,1765046,Blogger/Influencer,More than 1M
ทำกินเอง,1762803,Food and Drink,More than 1M
Group มนุษย์เงินเดือน,1759818,Writer and Quote,More than 1M
เรน ทหารม้าโยโกฮาม่า,1741828,Blogger/Influencer,More than 1M
Cafe Story : รีวิวคาเฟ่ ทุกวัน,1736497,Sales and review,More than 1M
บันทึกของตุ๊ด,1719713,Blogger/Influencer,More than 1M
Tasty Easy,1718043,Food and Drink,More than 1M
Youngsoad - ยังโสด,1713647,Writer and Quote,More than 1M
รบกวนตัดต่อภาพนี้ให้หน่อยสิ,1701611,Entertainment,More than 1M
บ่นบ่น,1688200,Writer and Quote,More than 1M
กูจะไม่ยอมเห็นรูปนี้คนเดียวแน่ๆ,1686189,Entertainment,More than 1M
"""ตะกอนความคิด""",1685190,Writer and Quote,More than 1M
Jod 8riew,1644774,Writer and Quote,More than 1M
ST Cooking,1638063,Food and Drink,More than 1M
Sp Saypan,1633934,Blogger/Influencer,More than 1M
หมูแข็งแรง,1628551,Food and Drink,More than 1M
บ้านและสวน Baanlaesuan.com,1616142,Home Decoration,More than 1M
ชุมชนคนสร้างซิกแพ็ค sixpackclub.net,1607082,Health and Well-being,More than 1M
เพจนี้ สำหรับคุณ,1603686,Education,More than 1M
วันนี้กินไรดีวะ,1582814,Food and Drink,More than 1M
นัดเป็ด,1529784,Writer and Quote,More than 1M
iPhoneMod.net,1527516,IT,More than 1M
EatGuide เพื่อนซี้เวลาหิว,1527217,Food and Drink,More than 1M
ฉากนี้แม่งได้ว่ะ,1512712,Entertainment,More than 1M
My Mate Nate,1510632,Blogger/Influencer,More than 1M
จ ะ เ ที่ ย ว ไ ป ไ ห น,1505854,Travel,More than 1M
เหล้ามายังไหว,1499926,Food and Drink,More than 1M
Migrationology,1481215,Food and Drink,More than 1M
โดนไล่มาเล่นในนี้,1479674,Entertainment,More than 1M
Easy Food,1450638,Food and Drink,More than 1M
แฟนพันธุ์แท้ : หนังสยองขวัญ,1442002,Movie and TV shows,More than 1M
ฟอร์มหมาแก่,1441948,Entertainment,More than 1M
เข็มทิศชีวิต ฐิตินาถ ณ พัทลุง,1440827,Writer and Quote,More than 1M
อยาก กิน โว้ยยยยยยย,1434400,Food and Drink,More than 1M
Bebe Fit Routine,1428565,Blogger/Influencer,More than 1M
สถานีเติมรอยยิ้ม,1409586,Entertainment,More than 1M
อาหารเพื่อสุขภาพ,1408672,Food and Drink,More than 1M
ลงทุนแมน,1381597,Finance & Business,More than 1M
ครัวแล้วแต่เอ๋จ้าา,1369890,Food and Drink,More than 1M
หม่อมถนัดแดก,1350786,Food and Drink,More than 1M
Pearypie: Make-up Artist/Theatrical Artist,1343108,Blogger/Influencer,More than 1M
theTripPacker,1342041,Travel,More than 1M
กับแกล้ม,1311986,Food and Drink,More than 1M
SistaCafe,1311939,Sales and review,More than 1M
กินเก่ง,1306224,Food and Drink,More than 1M
ล้างตู้เย็น,1305955,Food and Drink,More than 1M
Gluta Story,1305001,Pet,More than 1M
ไทยเรสซิ่ง-ThaiRacing,1304724,Automobile,More than 1M
กินไม่หยุด,1304597,Food and Drink,More than 1M
BKreview - เรารีวิวทุกความอร่อย,1302444,Food and Drink,More than 1M
คิดมาก,1292239,Writer and Quote,More than 1M
Jeban.com,1289256,Blogger/Influencer,More than 1M
ChangTrixGet,1286976,Media/News Company,More than 1M
Nina BeautyWorld,1286395,Blogger/Influencer,More than 1M
KP ตะลอนแหลก,1285041,Food and Drink,More than 1M
Buffalo Gags,1262219,Entertainment,More than 1M
ข้าวจ้าว หมากวนตีน,1254852,Pet,More than 1M
พ่อบ้านใจกล้า,1252482,Writer and Quote,More than 1M
ชูวิทย์ กมลวิศิษฎ์,1248493,Blogger/Influencer,More than 1M
หนังโปรดของข้าพเจ้า,1231766,Movie and TV shows,More than 1M
Group B,1217052,Writer and Quote,More than 1M
ไอ่เป็ด,1202670,Writer and Quote,More than 1M
ไปคนเดียว+,1200040,Travel,More than 1M
ศุภชัยโหน่งโชว์2,1189696,Food and Drink,More than 1M
Kyutae Oppa - คิวเท โอ็ปป้า,1184838,Blogger/Influencer,More than 1M
Ar-pae.com,1171043,Travel,More than 1M
อาสา พาไปหลง,1164431,Travel,More than 1M
ทาสหมา,1162692,Pet,More than 1M
CSI LA,1160746,Media/News Company,More than 1M
Thaiเทรนด์,1157504,Finance & Business,More than 1M
banidea.com,1153272,Home Decoration,More than 1M
ไอเดียแต่งบ้านสวย,1153014,Home Decoration,More than 1M
เนสตี้ สไปร์ทซี่,1149371,Blogger/Influencer,More than 1M
เที่ยวทั่วไทย ไปไหนดี,1147847,Travel,More than 1M
หนูน้อยบนยอดเขาอันหนาวเหน็บ,1141125,Media/News Company,More than 1M
Buffet Channel,1140771,Entertainment,More than 1M
แดก,1131499,Food and Drink,More than 1M
Licktga,1109304,Blogger/Influencer,More than 1M
Nune noppaluck,1109295,Blogger/Influencer,More than 1M
สมาคมรถแต่ง,1108292,Automobile,More than 1M
PEACH EAT LAEK,1098299,Food and Drink,More than 1M
อวยไส้แตกแหกไส้ฉีก,1097920,Movie and TV shows,More than 1M
Contrast,1096872,Writer and Quote,More than 1M
Heartrocker,1089604,Gaming Video Creator,More than 1M
ข่าวสารประเทศไทย,1082416,Media/News Company,More than 1M
กบแก้คัน,1081871,Sales and review,More than 1M
9carthai.fc,1080167,Automobile,More than 1M
PHOLFOODMAFIA - พลพรรคนักปรุง,1077390,Food and Drink,More than 1M
หัวกลม,1074854,Writer and Quote,More than 1M
คนสำคัญ,1073011,Writer and Quote,More than 1M
ขอบสหนัง,1065321,Movie and TV shows,More than 1M
Readme.me - ไทย,1062067,Travel,More than 1M
The MATTER,1059032,Media/News Company,More than 1M
Guy Haru Family,1046190,Blogger/Influencer,More than 1M
ค น ห ล ง ท า ง,1041469,Blogger/Influencer,More than 1M
Paapaii พาไปดอทคอม,1038256,Travel,More than 1M
Madampam Makeup by Winlaphat,1032959,Blogger/Influencer,More than 1M
ซิบบิล,1030726,Writer and Quote,More than 1M
Basgamer,1030043,Gaming Video Creator,More than 1M
มี่ป๋อง,1016708,Writer and Quote,More than 1M
นี่เพื่อนไงจำไม่ได้หรอ?,1012233,Writer and Quote,More than 1M
ลาพักเที่ยว,1007377,Travel,More than 1M
Girlteen Only,1001578,Writer and Quote,More than 1M
วิ่งไหนดี : Wingnaidee,998321,Health and Well-being,0.5M-1M
โกดังหนัง,991506,Movie and TV shows,0.5M-1M
Kanin The Movie,989785,Movie and TV shows,0.5M-1M
ก้นครัวไม่กลัวหิว,982545,Food and Drink,0.5M-1M
BoxzaRacing,982195,Automobile,0.5M-1M
XO Autosport,981391,Automobile,0.5M-1M
หนังฝังมุก,981117,Movie and TV shows,0.5M-1M
Pantipa.a,972446,Blogger/Influencer,0.5M-1M
Kru Whan : English On Air - ครูพี่หวาน,966654,Education,0.5M-1M
WellnessIdol,963847,Health and Well-being,0.5M-1M
แย้ นนทพร ธีระวัฒนสุข,946435,Blogger/Influencer,0.5M-1M
Roundfinger,943510,Writer and Quote,0.5M-1M
Mawinfinferrr,940636,Blogger/Influencer,0.5M-1M
บ้ารถ,924392,Automobile,0.5M-1M
Jaytherabbit,918570,Writer and Quote,0.5M-1M
สมาคมนิยมรถแต่งสวยโหด,913106,Automobile,0.5M-1M
Online Station,901703,Gaming Video Creator,0.5M-1M
โบราณนานมา,898985,Writer and Quote,0.5M-1M
ยิ้มอ่อน,896276,Writer and Quote,0.5M-1M
MinutevideosThailand,891982,Media/News Company,0.5M-1M
Beauty Mouthsy,891823,Blogger/Influencer,0.5M-1M
นี่แหละแฟนเรา,884883,Writer and Quote,0.5M-1M
ผู้บริโภค,884388,Media/News Company,0.5M-1M
Thailand Cute Girls & Boys,884003,Media/News Company,0.5M-1M
Soundtiss,880102,Blogger/Influencer,0.5M-1M
สัตว์โลกกวนตรีน,878203,Writer and Quote,0.5M-1M
Foodbymay,876957,Food and Drink,0.5M-1M
Ceemeagain,875626,IT,0.5M-1M
กาลครั้งหนึ่ง,875044,Writer and Quote,0.5M-1M
Slang A-hO-lic,868979,Entertainment,0.5M-1M
Foodie Munchies,862681,Food and Drink,0.5M-1M
Amy Kitiya,850838,Blogger/Influencer,0.5M-1M
24Hours'Story,850768,Writer and Quote,0.5M-1M
Nongchat,848248,Blogger/Influencer,0.5M-1M
ญี่ปุ่นเบาเบา,847927,Travel,0.5M-1M
เรียนเจ้านายที่เคารพ,841925,Writer and Quote,0.5M-1M
อาจุมม่าบ้าเกาหลี,837519,Travel,0.5M-1M
DDproperty.com,836734,Finance & Business,0.5M-1M
Home Buyers TH,834389,Home Decoration,0.5M-1M
I'm Mayyr - Blog,832525,Blogger/Influencer,0.5M-1M
Go Went Go : เที่ยว เว้น เที่ยว,827747,Travel,0.5M-1M
OpenRice Thailand,822861,Food and Drink,0.5M-1M
ไปให้ถึง100ล้าน,815606,Finance & Business,0.5M-1M
IT24Hrs - ไอที 24 ชั่วโมง by ปานระพี,811579,IT,0.5M-1M
Perfect English กับครูพี่แอน,811546,Education,0.5M-1M
ไปเที่ยวกัน GoThaitogether,811379,Travel,0.5M-1M
Beartai : แบไต๋,810848,IT,0.5M-1M
Siamphone.com,809780,IT,0.5M-1M
Aum napat,803886,Blogger/Influencer,0.5M-1M
Booky HealthyWorld,803877,Health and Well-being,0.5M-1M
ลูกจ้างใจกล้า,803559,Writer and Quote,0.5M-1M
หมาจ๋า,801097,Pet,0.5M-1M
เชอบัว ยูโร มายา,790130,Pet,0.5M-1M
Drag Diesel Thailand,785182,Automobile,0.5M-1M
LowCost Thailand,780812,Travel,0.5M-1M
ลงทุนศาสตร์ - Investerest,779490,Finance & Business,0.5M-1M
my home,777178,Home Decoration,0.5M-1M
ทำเรื่องเล่นให้เป็นเรื่องใหญ่,775531,Movie and TV shows,0.5M-1M
เค้าเรียกผมว่าแมว,766210,Pet,0.5M-1M
ตามติดชีวิตผีบ้า,764593,Travel,0.5M-1M
รีวิววนไป,753874,Sales and review,0.5M-1M
สอนลูกออมเงินและลงทุน,749196,Finance & Business,0.5M-1M
เอา5นาทีของกูคืนมา,747746,Entertainment,0.5M-1M
ขอรีวิวนะ,746966,Sales and review,0.5M-1M
Autospinn.Fans,746125,Automobile,0.5M-1M
มะขวิด,743011,Pet,0.5M-1M
ตีแผ่ชีวิตมหาลัย,739207,Writer and Quote,0.5M-1M
ThaiRun ฮับความสุขนักวิ่ง,737967,Health and Well-being,0.5M-1M
Chujai Family,736876,Blogger/Influencer,0.5M-1M
กินหนม,735890,Food and Drink,0.5M-1M
ไปกันนะ : Pai Gun Na,728078,Travel,0.5M-1M
ความรู้สึกในใจ,727977,Writer and Quote,0.5M-1M
Wongnai Travel,721195,Travel,0.5M-1M
Eyeta,717299,Blogger/Influencer,0.5M-1M
เฮ้ย นี่มันตัดต่อชัดๆ V2,714466,Writer and Quote,0.5M-1M
แฟนพาเที่ยว / My Life My Travel,707583,Travel,0.5M-1M
รีวิวขี้มาววว,706383,Food and Drink,0.5M-1M
เงินเดือนที่รัก,703672,Writer and Quote,0.5M-1M
แม่บ้านมีหนวด,701648,Entertainment,0.5M-1M
FEONALITA,699895,Blogger/Influencer,0.5M-1M
Makalius TH,697726,Travel,0.5M-1M
Kan Atthakorn,692933,Blogger/Influencer,0.5M-1M
Kayavine,690287,Blogger/Influencer,0.5M-1M
a ดวง,688660,Writer and Quote,0.5M-1M
A Mom 2 Daughters,687824,Writer and Quote,0.5M-1M
ครูนอกกรอบ,686365,Education,0.5M-1M
UDiE,685864,Gaming Video Creator,0.5M-1M
สารพันปัญหาการเลี้ยงลูก,685403,Writer and Quote,0.5M-1M
มนุษย์เงินเดือนพันธุ์ใหม่,680398,Writer and Quote,0.5M-1M
SAN F,675923,Food and Drink,0.5M-1M
Goothai ท่องเที่ยวไทย ไปทั่วโลก,673919,Travel,0.5M-1M
วิถีตากล้อง,671973,Blogger/Influencer,0.5M-1M
แกะดำทำธุรกิจ blacksheep,667700,Finance & Business,0.5M-1M
สะบัดแปรง,665320,Blogger/Influencer,0.5M-1M
นุ่น - English AfterNoonz,665257,Education,0.5M-1M
จือปาก,660285,Blogger/Influencer,0.5M-1M
ขออีกคำ Yummy,659470,Food and Drink,0.5M-1M
ฉันกลัวที่แคบ,656618,Travel,0.5M-1M
Eat Here,654958,Food and Drink,0.5M-1M
เทพลีลา,652294,Blogger/Influencer,0.5M-1M
มนุษย์ลูก,652166,Writer and Quote,0.5M-1M
กูผิดอัลไล? by หมีขอ Bearplease,649994,Entertainment,0.5M-1M
เลี้ยงลูกนอกบ้าน,649153,Writer and Quote,0.5M-1M
Pimmy ชวนกินของอร่อย,647038,Food and Drink,0.5M-1M
จบข่าว,644560,Media/News Company,0.5M-1M
Archita Station,639804,Blogger/Influencer,0.5M-1M
Maerakluke - แม่รักลูก,639669,Writer and Quote,0.5M-1M
แซ่บ,631873,Food and Drink,0.5M-1M
Lovecumentary,631051,Writer and Quote,0.5M-1M
คําไทย,627864,Education,0.5M-1M
ครูพี่แนน Enconcept : English to the MAX,623466,Education,0.5M-1M
ไข่แมวx,623000,Entertainment,0.5M-1M
คุณแม่ยังสวย,619082,Blogger/Influencer,0.5M-1M
เกษียณสำราญ,615193,Blogger/Influencer,0.5M-1M
ชลบุรี กินอะไรดี ?,614071,Food and Drink,0.5M-1M
ปั้นหุ่นแซ๊บอายุ30+,613653,Health and Well-being,0.5M-1M
เลี้ยงลูกด้วยหนังสือ,608609,Writer and Quote,0.5M-1M
บลูแพลนเน็ต เบ็ดเสร็จเรื่องเที่ยว,608476,Travel,0.5M-1M
เฉโปแมวโง่,601472,Pet,0.5M-1M
Erk-Erk,598244,Blogger/Influencer,0.5M-1M
PIT START,592922,Automobile,0.5M-1M
Paul Pattarapon พอล ภัทรพล,592477,Blogger/Influencer,0.5M-1M
Mahidol Channel,592383,Education,0.5M-1M
The Snack,591865,Blogger/Influencer,0.5M-1M
ไปไหนดี,586150,Travel,0.5M-1M
เฉลิมศรี,585903,Blogger/Influencer,0.5M-1M
Ananped,583255,Blogger/Influencer,0.5M-1M
ReviewHere,580463,Sales and review,0.5M-1M
กินไปเหอะ,575600,Food and Drink,0.5M-1M
กินไปไทยหรั่ง,575288,Food and Drink,0.5M-1M
FreeLance บ้าเที่ยว,571452,Travel,0.5M-1M
Happy Mommy Diary,569122,Writer and Quote,0.5M-1M
Fit Junctions,567065,Health and Well-being,0.5M-1M
สูตรอาหารง่ายๆ by Kapook.com,566312,Food and Drink,0.5M-1M
เที่ยวแบบกรู,565771,Travel,0.5M-1M
จอนนี่แมวศุภลักษณ์,565451,Pet,0.5M-1M
Wannasingh Prasertkul (วรรณสิงห์ ประเสริฐกุล),562872,Blogger/Influencer,0.5M-1M
หมอเสาวภา เลี้ยงลูกเชิงบวก,561245,Writer and Quote,0.5M-1M
ตู้ซ่อนหมี,560916,Media/News Company,0.5M-1M
ThinkofLiving.Com,560180,Finance & Business,0.5M-1M
Bo Vanda Sahawong,557262,Blogger/Influencer,0.5M-1M
หมูหยองRacing Drag,553508,Automobile,0.5M-1M
เที่ยวไหนดี by TVPool,552240,Travel,0.5M-1M
Superbike Magazine (Thailand's Edition) Fan Page,551872,Media/News Company,0.5M-1M
Forcejun,550929,Health and Well-being,0.5M-1M
PaiNaiDii,550704,Travel,0.5M-1M
บันทึกนึกขึ้นได้,546983,Writer and Quote,0.5M-1M
FOOD BLOG BKK,546259,Food and Drink,0.5M-1M
น้าอ้วนชวนหิว by Wongnai,545025,Food and Drink,0.5M-1M
คลังประวัติศาสตร์ไทย,542866,Education,0.5M-1M
รีวิวเชียงใหม่,536844,Travel,0.5M-1M
บอลพาเที่ยว Backpacker Ball,536710,Travel,0.5M-1M
กินแก้มตุ่ย ตะลุยเที่ยว,536093,Food and Drink,0.5M-1M
I AM EAT กิน/เที่ยว/เปรี้ยวซ่าส์,532991,Food and Drink,0.5M-1M
Fah Sarika,532521,Blogger/Influencer,0.5M-1M
Eat & Shout พี่เชาท์พากินพาเที่ยว,528947,Food and Drink,0.5M-1M
Blacklist Secret,528087,Blogger/Influencer,0.5M-1M
สะพายเป้,524688,Travel,0.5M-1M
เที่ยวจนแม่ด่า,523717,Travel,0.5M-1M
กูจะบอกอะไรให้นะ,522924,Writer and Quote,0.5M-1M
เม้าท์มอยเกาหลี,521015,Writer and Quote,0.5M-1M
มุนินฺ,519986,Writer and Quote,0.5M-1M
Nuttyploy,516566,Blogger/Influencer,0.5M-1M
DIY microwave cake by ป้าหนึ่ง,515090,Food and Drink,0.5M-1M
PJY Gamer,512543,Gaming Video Creator,0.5M-1M
สะพายกล้องท่องเที่ยว กับ มาเรีย ณ ไกลบ้าน,511626,Travel,0.5M-1M
ถนัดชิม,510292,Food and Drink,0.5M-1M
เลี้ยงลูกตามใจหมอ,508111,Writer and Quote,0.5M-1M
BigBike Thailand Club,504135,Automobile,0.5M-1M
Rocky Journey,503134,Writer and Quote,0.5M-1M
Startyourway เส้นทางนายตัวเอง,500416,Education,0.5M-1M
Eat 'n Trip,499641,Food and Drink,Less than 0.5M
Meiji Anorma,497574,Blogger/Influencer,Less than 0.5M
วงกลม.,497573,Writer and Quote,Less than 0.5M
หนังเรื่องนี้ ku ดูแล้ว,497185,Movie and TV shows,Less than 0.5M
Momay Pa Plearn,494349,Blogger/Influencer,Less than 0.5M
LowGrade,493452,Gaming Video Creator,Less than 0.5M
ตั๋วร้อน ป๊อปคอร์นชีส,491109,Movie and TV shows,Less than 0.5M
เข็นเด็กขึ้นภูเขา,490376,Writer and Quote,Less than 0.5M
Dot Property,486740,Finance & Business,Less than 0.5M
กองทัพ ยายี,486120,Writer and Quote,Less than 0.5M
TravelKanuman / 2เท้าชาวท่องโลก,483630,Travel,Less than 0.5M
เห็นหมีรีวิว,482921,Sales and review,Less than 0.5M
Updobybuablink,481589,Blogger/Influencer,Less than 0.5M
เลิกโง่,480882,Writer and Quote,Less than 0.5M
อีปุก,480688,Writer and Quote,Less than 0.5M
คุณแม่เลอค่า,477210,Writer and Quote,Less than 0.5M
Cafe of the day,474622,Food and Drink,Less than 0.5M
ReviewPapai - รีวิวพาไป,472428,Travel,Less than 0.5M
SkizzTv,470785,Gaming Video Creator,Less than 0.5M
โถชีวิตนักดนตรี,469257,Writer and Quote,Less than 0.5M
โบโบ กวนจีน 波波真幸福,467985,Education,Less than 0.5M
เราจะผอมไปด้วยกัน by Pitcha,464530,Health and Well-being,Less than 0.5M
TaxBugnoms,463969,Finance & Business,Less than 0.5M
ThaiCarLover.com,463857,Automobile,Less than 0.5M
ครัวพิศพิไล,462573,Food and Drink,Less than 0.5M
Spice Beauty,460212,Writer and Quote,Less than 0.5M
MotoRival,458629,Automobile,Less than 0.5M
วิถีไบค์เกอร์,456267,Automobile,Less than 0.5M
ไปเที่ยวกันมั้ย by Penguint,452516,Travel,Less than 0.5M
Softpomz TH,451175,Blogger/Influencer,Less than 0.5M
น่าแดกไหมล่ะมึง,451028,Food and Drink,Less than 0.5M
KRUA.CO by sangdad,450741,Food and Drink,Less than 0.5M
Wherever I Go,450676,Travel,Less than 0.5M
เกมถูกบอกด้วย v.2,450147,Gaming Video Creator,Less than 0.5M
Walker Talker : เดินทางเล่าเรื่อง,449351,Travel,Less than 0.5M
โคตรคูล,446829,Blogger/Influencer,Less than 0.5M
สอนทำอาหาร by Chef Kwan,446269,Food and Drink,Less than 0.5M
MacThai,445209,IT,Less than 0.5M
JUST ดู IT.,444586,Movie and TV shows,Less than 0.5M
Gutjang's Life - โลกของกัสจัง,443535,Blogger/Influencer,Less than 0.5M
ฮาคนเมือง,442184,Entertainment,Less than 0.5M
Infectious ง่ายนิดเดียว,441535,Health and Well-being,Less than 0.5M
พยูนบูด ตะลุยกิน,438647,Food and Drink,Less than 0.5M
นายแพทย์ประเสริฐ ผลิตผลการพิมพ์,436779,Writer and Quote,Less than 0.5M
Pixel Crazy 8bit,436594,Writer and Quote,Less than 0.5M
บันทึกคนขี้เที่ยว,434696,Travel,Less than 0.5M
Hang Review,432248,Travel,Less than 0.5M
Environman,430399,Media/News Company,Less than 0.5M
รักลูกนะ,429275,Writer and Quote,Less than 0.5M
greatbiker.com,428385,Automobile,Less than 0.5M
Money Buffalo,427218,Finance & Business,Less than 0.5M
Zbing,426962,Gaming Video Creator,Less than 0.5M
กิต งายย,425664,Gaming Video Creator,Less than 0.5M
Gamgy makeup,424852,Blogger/Influencer,Less than 0.5M
ลืมป่วย,424263,Health and Well-being,Less than 0.5M
เที่ยวจนไม่มีจะแดก,423212,Travel,Less than 0.5M
Review Your Living รู้จริงเรื่องที่อยู่อาศัย,422096,Home Decoration,Less than 0.5M
Edward10516 : เอ็ดเวิร์ด,421137,Pet,Less than 0.5M
อร่อยพุง,419764,Food and Drink,Less than 0.5M
วิ ศ ว ะ พ า เ ที่ ย ว,419350,Travel,Less than 0.5M
วิวาทะ V2,418826,Media/News Company,Less than 0.5M
ใครสอนให้โพสรูปของกินตอนดึกกกก,417056,Food and Drink,Less than 0.5M
Mao-Investor,416730,Finance & Business,Less than 0.5M
สุธีรา เอื้อไพโรจน์กิจ,416106,Writer and Quote,Less than 0.5M
พลอยเรียนจบแล้วทำไรต่อ?,412890,Writer and Quote,Less than 0.5M
ECU=SHOP,412071,Automobile,Less than 0.5M
นิตยสารชีวจิต,411035,Health and Well-being,Less than 0.5M
Doyser,409415,Gaming Video Creator,Less than 0.5M
iPhone-Droid.net,407757,IT,Less than 0.5M
Money Coach,406406,Finance & Business,Less than 0.5M
นักรีวิวสมัครเล่น,406403,Blogger/Influencer,Less than 0.5M
เมริรีวิว,405838,Blogger/Influencer,Less than 0.5M
เกมเมอร์อมตีน,405759,Gaming Video Creator,Less than 0.5M
MadooJapan,404896,Travel,Less than 0.5M
ชะนีพีชชี่ & สตีเฟ่นโอปป้า,404395,Blogger/Influencer,Less than 0.5M
เอ็ม รถซิ่งไทยแลนด์,403548,Automobile,Less than 0.5M
fluke - alwaysfluke.com,402694,Blogger/Influencer,Less than 0.5M
ก๊อบแก๊บรีวิว,401294,Blogger/Influencer,Less than 0.5M
ลุงอ้วน กินกะเที่ยว,398514,Food and Drink,Less than 0.5M
Djpetjah,397350,Blogger/Influencer,Less than 0.5M
mintchyy,397296,Blogger/Influencer,Less than 0.5M
น้องง,395965,Entertainment,Less than 0.5M
Hehaa TV,395542,Entertainment,Less than 0.5M
หนีนายเที่ยว,394139,Travel,Less than 0.5M
SpecPhone,393755,IT,Less than 0.5M
อะไรอะไรก็ครู,393596,Education,Less than 0.5M
Parents One,392932,Writer and Quote,Less than 0.5M
PADIE,392924,Blogger/Influencer,Less than 0.5M
ชีวิตติดเหล็ก ผอมชัวร์,392856,Health and Well-being,Less than 0.5M
เที่ยวเอง,392115,Travel,Less than 0.5M
Greenpeace Thailand,389210,Media/News Company,Less than 0.5M
เที่ยวเก่ง,388944,Travel,Less than 0.5M
กิน@หาดใหญ่,383735,Food and Drink,Less than 0.5M
Yuriukuri,382849,Blogger/Influencer,Less than 0.5M
จอห์น ไรเดอร์ - John Rider,379721,Automobile,Less than 0.5M
เพนกวิ้นรีวิว GuinHungry,379248,Food and Drink,Less than 0.5M
เที่ยวก่อนตาย Bucket list TH,378796,Travel,Less than 0.5M
รีวิวไม่จำกัด,377992,Blogger/Influencer,Less than 0.5M
aomMONEY,377881,Finance & Business,Less than 0.5M
วินทร์ เลียววาริณ,377167,Writer and Quote,Less than 0.5M
Mojiko,376862,Blogger/Influencer,Less than 0.5M
nuttaputch.com,375491,Writer and Quote,Less than 0.5M
โดดงานไป,374548,Travel,Less than 0.5M
Ninja And The Gang,374031,Pet,Less than 0.5M
ครูนกเล็ก,372780,Education,Less than 0.5M
Billion Mindset,371814,Finance & Business,Less than 0.5M
ไปไง มาไง,369365,Travel,Less than 0.5M
หมอเวร,368947,Health and Well-being,Less than 0.5M
ตุ๊ดส์review,368889,Writer and Quote,Less than 0.5M
กิน เที่ยว ถ่าย,368120,Travel,Less than 0.5M
ZuvapitSnap,367424,Blogger/Influencer,Less than 0.5M
JewJew Sippothai,367277,Blogger/Influencer,Less than 0.5M
Palapilii Thailand,365468,Travel,Less than 0.5M
เห็นแล้วหิว by Wongnai,361935,Food and Drink,Less than 0.5M
MUJI SAMA むじ さま,361187,Pet,Less than 0.5M
กูเที่ยวไปเรื่อย,358847,Travel,Less than 0.5M
เรียกผมว่ามนุษย์เงินเดือน,358071,Writer and Quote,Less than 0.5M
iLaw,356819,Media/News Company,Less than 0.5M
Fiercebook,356461,Sales and review,Less than 0.5M
พาวัวไปล่าม,355893,Travel,Less than 0.5M
FINSTREET,354908,Finance & Business,Less than 0.5M
เกิดมาใช้ตัง,354486,Sales and review,Less than 0.5M
กินตามโปร,352540,Food and Drink,Less than 0.5M
ครูฝ้าย Easy English,352205,Education,Less than 0.5M
ครูชัย M.I.B Marketing In Black,352031,Finance & Business,Less than 0.5M
Thailand Investment Forum,351792,Finance & Business,Less than 0.5M
BoomTharis,351534,Blogger/Influencer,Less than 0.5M
โตมากับหนัง,351039,Movie and TV shows,Less than 0.5M
กายหงิด,350709,Gaming Video Creator,Less than 0.5M
Foodyoucaneat เรากินได้ คุณก็กินได้,350631,Food and Drink,Less than 0.5M
หาเรื่องเที่ยว,349988,Travel,Less than 0.5M
เที่ยวทั้งบ้าน,349894,Travel,Less than 0.5M
MONEYLAND,348032,Finance & Business,Less than 0.5M
พี่แว่น,344308,Blogger/Influencer,Less than 0.5M
Couple Travel พาแฟนไปไหนดี,341334,Travel,Less than 0.5M
English.Today (เรียนภาษาอังกฤษวันละคำ),340451,Education,Less than 0.5M
เจ้าตัวเล็ก,339946,Writer and Quote,Less than 0.5M
เล่นกับลูก,338463,Writer and Quote,Less than 0.5M
Piyapeauty Makeup,337952,Blogger/Influencer,Less than 0.5M
หมีพุงกลม,337690,Food and Drink,Less than 0.5M
Teacher Greg,334777,Education,Less than 0.5M
Thiskk,333928,Blogger/Influencer,Less than 0.5M
อยากไปเที่ยว,333598,Travel,Less than 0.5M
notebookspec,332778,IT,Less than 0.5M
Paidonnnn ไปโดนนนน - Eat Trip Snap,331697,Food and Drink,Less than 0.5M
DroidSans,330974,Media/News Company,Less than 0.5M
ผมม้าพาเที่ยว,330349,Travel,Less than 0.5M
Nawapol Thamrongrattanarit,329099,Blogger/Influencer,Less than 0.5M
ชิลดี,328849,Travel,Less than 0.5M
Chobrod.com,328311,Automobile,Less than 0.5M
สี่สหาย สายเหน่อ,327601,Pet,Less than 0.5M
Techhub,327033,IT,Less than 0.5M
Kanomroo,326502,Blogger/Influencer,Less than 0.5M
Sanook Money,326130,Media/News Company,Less than 0.5M
แมงเม่าคลับ แบ่งปันความรู้ในการเล่นหุ้น,325805,Finance & Business,Less than 0.5M
ลงทุนเกิร์ล,324115,Finance & Business,Less than 0.5M
เป็ดพาไป,324011,Food and Drink,Less than 0.5M
พี่โบน,323869,Pet,Less than 0.5M
Dao’s Healthy Diary,323029,Health and Well-being,Less than 0.5M
ไม่กี่บาท,322307,Sales and review,Less than 0.5M
กินกับนอน by PPowder,321687,Food and Drink,Less than 0.5M
รีวิวไม่หยุด,319666,Food and Drink,Less than 0.5M
TravelHolic ชีวิตติดเที่ยว,319006,Travel,Less than 0.5M
ท่องเที่ยวชิลชิล,317009,Travel,Less than 0.5M
กินได้อร่อยด้วย,316687,Food and Drink,Less than 0.5M
Mission To The Moon,314198,Writer and Quote,Less than 0.5M
English Fit and Firm,312994,Education,Less than 0.5M
เที่ยววนไป,312063,Travel,Less than 0.5M
Loukgolf's English Room,311565,Education,Less than 0.5M
Bacon Time,311489,Gaming Video Creator,Less than 0.5M
เที่ยวไหมครับ,309312,Travel,Less than 0.5M
กินไม่เกิน 100,308895,Food and Drink,Less than 0.5M
Headlightmag.com,308523,Automobile,Less than 0.5M
Blackshuffle,306337,Gaming Video Creator,Less than 0.5M
Silapawattanatham - ศิลปวัฒนธรรม,305780,Education,Less than 0.5M
Ladyissue.com รีวิวเครื่องสำอาง,305123,Sales and review,Less than 0.5M
Florence room,304991,Travel,Less than 0.5M
เที่ยวไหนกัน วันศุกร์,304605,Travel,Less than 0.5M
ติน่า เทย์เลอร์ - Tina Taylor,304148,Blogger/Influencer,Less than 0.5M
Attempt Z,303637,Gaming Video Creator,Less than 0.5M
7 Greens…ท่องเที่ยวสดใส ใส่ใจสิ่งแวดล้อม,303397,Travel,Less than 0.5M
พ่อผมเป็นคนอังกฤษ,302949,Writer and Quote,Less than 0.5M
Overclockzone,300798,IT,Less than 0.5M
ลดพุง ลดโรค,300490,Health and Well-being,Less than 0.5M